"nodeLabel","cell_ID","celltype","cellNum"
"BC_AAACGAATCGTCAGAT","BC_AAACGAATCGTCAGAT","C7",1
"BC_AAAGAACGTGCCGAAA","BC_AAAGAACGTGCCGAAA","C4",1
"BC_AAAGGATAGAGAGCGG","BC_AAAGGATAGAGAGCGG","C7",1
"BC_AAAGGATCATTGGCAT","BC_AAAGGATCATTGGCAT","C7",2
"BC_AAAGGATTCAATCTTC","BC_AAAGGATTCAATCTTC","C7",1
"BC_AAAGGATTCTTCACGC","BC_AAAGGATTCTTCACGC","C7",1
"BC_TCACGGGCAAGCACCC","BC_AAAGGGCGTTTCACTT","C7",3
"BC_AAAGGTACAACGGCCT","BC_AAAGGTACAACGGCCT","C7",1
"BC_AAATGGAGTGAGGATC","BC_AAATGGAGTGAGGATC","C7",2
"BC_AACAACCCACGGGTAA","BC_AACAACCCACGGGTAA","C7",1
"BC_AACAACCGTGACTAAA","BC_AACAACCGTGACTAAA","C4",1
"BC_AACACACCACTACTTT","BC_AACACACCACTACTTT","C7",1
"BC_AACACACGTGAGAGGG","BC_AACACACGTGAGAGGG","C5",1
"BC_AACACACGTGGTCCCA","BC_AACACACGTGGTCCCA","C7",1
"BC_AACACACTCAAGCTTG","BC_AACACACTCAAGCTTG","C7",1
"BC_AACAGGGGTGTTACAC","BC_AACAGGGGTGTTACAC","C7",1
"BC_AACCAACGTGAGTAGC","BC_AACCAACGTGAGTAGC","C0",1
"BC_AACCACAAGCAATTCC","BC_AACCACAAGCAATTCC","C7",1
"BC_AACCATGAGTAACAGT","BC_AACCATGAGTAACAGT","C7",2
"BC_AACCTTTGTATGGAAT","BC_AACCTTTGTATGGAAT","C7",1
"BC_AACCTTTTCCGAAATC","BC_AACCTTTTCCGAAATC","C5",1
"BC_AACGAAAAGGTTATAG","BC_AACGAAAAGGTTATAG","C4",1
"BC_AACGAAACATGACTTG","BC_AACGAAACATGACTTG","C1",1
"BC_AACGTCAGTTGTGCAT","BC_AACGTCAGTTGTGCAT","C7",1
"BC_AAGAACAGTCACTAGT","BC_AAGAACAGTCACTAGT","C0",1
"BC_AAGACAAAGTTACTCG","BC_AAGACAAAGTTACTCG","C7",1
"BC_AAGACAATCTTAATCC","BC_AAGACAATCTTAATCC","C4",1
"BC_AAGCCATAGGGAGGCA","BC_AAGCCATAGGGAGGCA","C7",1
"BC_GTCGCGAGTGAACCGA","BC_AAGCGAGAGAAGGCTC","C5",6
"BC_TTTCATGGTATCTTCT","BC_AAGCGTTGTCCAGCCA","C7",5
"BC_AAGGAATAGCTGCCAC","BC_AAGGAATAGCTGCCAC","C7",2
"BC_AAGGAATTCTTGGGCG","BC_AAGGAATTCTTGGGCG","C7",1
"BC_AAGTACCAGACAGCGT","BC_AAGTACCAGACAGCGT","C7",1
"BC_AAGTACCCACCACATA","BC_AAGTACCCACCACATA","C7",1
"BC_AAGTACCCATCTCAAG","BC_AAGTACCCATCTCAAG","C0",1
"BC_AAGTACCTCCATCAGA","BC_AAGTACCTCCATCAGA","C4",1
"BC_TCAATCTGTCAACCAT","BC_AAGTCGTAGCAGTACG","C7",2
"BC_TAATTCCCACTTACAG","BC_AAGTGAACATACAGCT","C4",2
"BC_AAGTTCGCAGCAGTCC","BC_AAGTTCGCAGCAGTCC","C7",1
"BC_AATAGAGAGTCGAGGT","BC_AATAGAGAGTCGAGGT","C5",1
"BC_AATCACGTCCTACTGC","BC_AATCACGTCCTACTGC","C7",1
"BC_AACCATGAGTAACAGT","BC_AATCGACTCGTTATCT","C5",2
"BC_AATCGTGGTTGCCGAC","BC_AATCGTGGTTGCCGAC","C7",1
"BC_AATCGTGTCTTGTTAC","BC_AATCGTGTCTTGTTAC","C4",1
"BC_AATGACCAGGTTCTAC","BC_AATGACCAGGTTCTAC","C4",1
"BC_AATGACCTCTCTGCCA","BC_AATGACCTCTCTGCCA","C7",1
"BC_AATGCCAGTTATGTCG","BC_AATGCCAGTTATGTCG","C4",1
"BC_TAGATCGGTACGACAG","BC_AATGGAAAGGTGGGTT","C4",9
"BC_CCGCAAGCAACTCATG","BC_AATGGCTAGTGGTGAC","C4",3
"BC_AATGGCTTCCGTGACG","BC_AATGGCTTCCGTGACG","C5",1
"BC_AATGGCTTCGGAGTGA","BC_AATGGCTTCGGAGTGA","C4",1
"BC_AATTCCTAGAGAGCGG","BC_AATTCCTAGAGAGCGG","C7",1
"BC_ACAAAGAGTATCGAGG","BC_ACAAAGAGTATCGAGG","C7",1
"BC_ACAAAGAGTATTTCCT","BC_ACAAAGAGTATTTCCT","C5",1
"BC_ACAACCACAGTCGCAC","BC_ACAACCACAGTCGCAC","C7",1
"BC_ACAAGCTGTCAAAGCG","BC_ACAAGCTGTCAAAGCG","C7",1
"BC_ACACAGTCAACAGCCC","BC_ACACAGTCAACAGCCC","C7",1
"BC_TAAGCACAGTTTGGCT","BC_ACACAGTCAGAGGGTT","C4",3
"BC_ACACCAAGTTACCTTT","BC_ACACCAAGTTACCTTT","C7",1
"BC_ACACGCGTCAGCGCAC","BC_ACACGCGTCAGCGCAC","C7",1
"BC_ACACTGACAGCACCCA","BC_ACACTGACAGCACCCA","C7",1
"BC_ACAGAAACATCGCTGG","BC_ACAGAAACATCGCTGG","C5",1
"BC_ACAGAAAGTCGTTGGC","BC_ACAGAAAGTCGTTGGC","C5",1
"BC_ACAGCCGAGGATTTGA","BC_ACAGCCGAGGATTTGA","C4",1
"BC_ACAGCCGCATTGACCA","BC_ACAGCCGCATTGACCA","C6",1
"BC_ACAGGGATCAAATGCC","BC_ACAGGGATCAAATGCC","C7",1
"BC_TGTCAGAAGCGTCGAA","BC_ACATTTCGTGAGACCA","C4",10
"BC_ACCAAACCAACAGATA","BC_ACCAAACCAACAGATA","C4",1
"BC_ACCAACAAGGACTGGT","BC_ACCAACAAGGACTGGT","C7",1
"BC_ACCACAACATCTGGGC","BC_ACCACAACATCTGGGC","C7",1
"BC_ACCACAATCACGGAGA","BC_ACCACAATCACGGAGA","C7",1
"BC_ACCACAATCTAAGCGT","BC_ACCACAATCTAAGCGT","C5",1
"BC_ACCCTTGCAATCTCGA","BC_ACCCTTGCAATCTCGA","C4",1
"BC_ACGGTTATCTCTCGAC","BC_ACCGTTCCATGAAGCG","C7",3
"BC_AGTAACCAGACCCTTA","BC_ACCGTTCCATTCGATG","C7",2
"BC_ACCTACCAGTCTCTGA","BC_ACCTACCAGTCTCTGA","C0",1
"BC_ACCTACCCATTCGGGC","BC_ACCTACCCATTCGGGC","C7",1
"BC_ACCTGAAGTGGTCTAT","BC_ACCTGAAGTGGTCTAT","C7",1
"BC_ACCTGAATCCTTGAAG","BC_ACCTGAATCCTTGAAG","C7",1
"BC_ACGATCACAAGGTCTT","BC_ACGATCACAAGGTCTT","C0",1
"BC_ACGATCACAGTATACC","BC_ACGATCACAGTATACC","C5",1
"BC_ACGGTTATCTCTCGAC","BC_ACGGTTATCTCTCGAC","C6",3
"BC_ACGTAACTCTTTACAC","BC_ACGTAACTCTTTACAC","C7",1
"BC_ACGTCCTGTGGCTGAA","BC_ACGTCCTGTGGCTGAA","C4",1
"BC_ACGTCCTTCGTTATCT","BC_ACGTCCTTCGTTATCT","C7",1
"BC_CATGCAATCTTGGATG","BC_ACGTTCCAGCCTGTGC","C4",3
"BC_ATCGGCGGTGCCTAAT","BC_ACGTTCCAGGCTAAAT","C4",4
"BC_ACGTTCCGTACCAGAG","BC_ACGTTCCGTACCAGAG","C5",1
"BC_ACTATCTCACGTTCGG","BC_ACTATCTCACGTTCGG","C7",1
"BC_ACTATGGAGATCGACG","BC_ACTATGGAGATCGACG","C0",1
"BC_ACTATGGAGGTGCTTT","BC_ACTATGGAGGTGCTTT","C7",1
"BC_ACTATGGGTAGTCGGA","BC_ACTATGGGTAGTCGGA","C5",1
"BC_ACTATTCTCAAGGACG","BC_ACTATTCTCAAGGACG","C7",1
"BC_ACTCCCAGTTAGTTCG","BC_ACTCCCAGTTAGTTCG","C7",1
"BC_ACTCTCGGTTAAACAG","BC_ACTCTCGGTTAAACAG","C4",1
"BC_ACTCTCGTCTCCAAGA","BC_ACTCTCGTCTCCAAGA","C1",1
"BC_ACTGATGGTGCTCCGA","BC_ACTGATGGTGCTCCGA","C4",1
"BC_CTTCTCTAGAACGTGC","BC_ACTGCAAAGCAGCACA","C7",2
"BC_ACTTCCGCACCAAAGG","BC_ACTTCCGCACCAAAGG","C4",1
"BC_GACACGCTCTAGTTCT","BC_ACTTCCGGTTGGGATG","C0",2
"BC_CACAGATCAAGCAATA","BC_ACTTTGTGTCCCGCAA","C7",2
"BC_AGAACAAAGACCAACG","BC_AGAACAAAGACCAACG","C0",1
"BC_AGAACAATCACTGTTT","BC_AGAACAATCACTGTTT","C5",1
"BC_AGAACAATCCGTTGAA","BC_AGAACAATCCGTTGAA","C7",1
"BC_AGAAGCGAGTGGACTG","BC_AGAAGCGAGTGGACTG","C4",1
"BC_AGACAGGCAGACCGCT","BC_AGACAGGCAGACCGCT","C5",1
"BC_AGACCATCACCGCTGA","BC_AGACCATCACCGCTGA","C5",1
"BC_AGACCATCATCGGATT","BC_AGACCATCATCGGATT","C0",1
"BC_AGACCCGAGATCCCGC","BC_AGACCCGAGATCCCGC","C7",7
"BC_AGACTCAGTATCACGT","BC_AGACTCAGTATCACGT","C5",1
"BC_AGACTCATCTGGACCG","BC_AGACTCATCTGGACCG","C7",1
"BC_AGAGAGCCAATGGGTG","BC_AGAGAGCCAATGGGTG","C7",1
"BC_AGAGAGCCAGTGTACT","BC_AGAGAGCCAGTGTACT","C0",1
"BC_TGGGAAGTCTTAGCAG","BC_AGAGAGCGTATGAAGT","C4",5
"BC_AGAGCCCGTTGTGCCG","BC_AGAGCCCGTTGTGCCG","C6",3
"BC_AGATAGACATGACTGT","BC_AGATAGACATGACTGT","C7",1
"BC_AGATAGATCTCCACTG","BC_AGATAGATCTCCACTG","C7",1
"BC_TTTCATGGTATCTTCT","BC_AGATCGTAGAAAGCGA","C0",5
"BC_AGCATCAGTTTATGCG","BC_AGCATCAGTTTATGCG","C7",1
"BC_AGCATCATCTCGGTAA","BC_AGCATCATCTCGGTAA","C7",1
"BC_AGCCACGCAGGACATG","BC_AGCCACGCAGGACATG","C4",1
"BC_AGCCAGCTCAAACCTG","BC_AGCCAGCTCAAACCTG","C5",1
"BC_GACTCAACAGGACATG","BC_AGCGATTCACCTGAAT","C3",4
"BC_AGCGATTTCGTGTGAT","BC_AGCGATTTCGTGTGAT","C7",1
"BC_AGTCAACTCGAAACAA","BC_AGCGCCAAGATTCGAA","C3",3
"BC_AGCGCCACAACCCGCA","BC_AGCGCCACAACCCGCA","C5",1
"BC_TGTCAGAAGCGTCGAA","BC_AGCGCTGTCGTAATGC","C5",10
"BC_AGCGTATAGTCACAGG","BC_AGCGTATAGTCACAGG","C5",1
"BC_AGCGTATAGTCGAAGC","BC_AGCGTATAGTCGAAGC","C7",1
"BC_AGACCCGAGATCCCGC","BC_AGCGTATTCGTCTACC","C7",7
"BC_GTCAGCGAGGGACAGG","BC_AGCGTCGGTATCATGC","C5",4
"BC_AGCTACACACTATCCC","BC_AGCTACACACTATCCC","C7",1
"BC_AGGAAATCAGACAATA","BC_AGGAAATCAGACAATA","C7",1
"BC_AGGACTTCATCACAGT","BC_AGGACTTCATCACAGT","C7",1
"BC_ATTCAGGAGAATCTAG","BC_AGGAGGTTCTGTAACG","C4",3
"BC_AGGATCTTCTGCGAGC","BC_AGGATCTTCTGCGAGC","C4",1
"BC_TGTCAGAAGCGTCGAA","BC_AGGCATTTCTCGCTTG","C4",10
"BC_ATGCCTCTCCTACAAG","BC_AGGCTGCAGTGATAGT","C7",4
"BC_AGGCTGCCAGCATTGT","BC_AGGCTGCCAGCATTGT","C0",1
"BC_AGGCTGCGTAAGTTGA","BC_AGGCTGCGTAAGTTGA","C7",1
"BC_GTTACAGCAGTTACCA","BC_AGGGTGACAGGGTTGA","C5",2
"BC_AGGTCATCAATAGTAG","BC_AGGTCATCAATAGTAG","C0",1
"BC_AGGTCATTCCGTATGA","BC_AGGTCATTCCGTATGA","C6",1
"BC_AGGTCTATCCACGTCT","BC_AGGTCTATCCACGTCT","C5",1
"BC_AGGTGTTGTTCGGTAT","BC_AGGTGTTGTTCGGTAT","C7",1
"BC_AGTAACCAGACCCTTA","BC_AGTAACCAGACCCTTA","C4",2
"BC_AGTAACCGTAGCTGAG","BC_AGTAACCGTAGCTGAG","C4",1
"BC_TAAGCACAGTGACCTT","BC_AGTAACCTCCATACAG","C4",3
"BC_AGTACCACAGGCACTC","BC_AGTACCACAGGCACTC","C7",1
"BC_AGTCAACTCGAAACAA","BC_AGTCAACTCGAAACAA","C0",3
"BC_AGTCACATCGTACCTC","BC_AGTCACATCGTACCTC","C1",1
"BC_AGTCATGGTAACACGG","BC_AGTCATGGTAACACGG","C7",1
"BC_AGTCTCCCAAGAGGTC","BC_AGTCTCCCAAGAGGTC","C0",1
"BC_AGTGACTAGAGATGCC","BC_AGTGACTAGAGATGCC","C7",1
"BC_AGTGACTAGTTTGTCG","BC_AGTGACTAGTTTGTCG","C4",1
"BC_AGTGATCTCTCTCTTC","BC_AGTGATCTCTCTCTTC","C7",1
"BC_AGTGTTGCAACAAGAT","BC_AGTGTTGCAACAAGAT","C7",1
"BC_AGTGTTGGTGGCGCTT","BC_AGTGTTGGTGGCGCTT","C5",1
"BC_AGTTAGCAGGTCTTTG","BC_AGTTAGCAGGTCTTTG","C4",1
"BC_AGTTCCCCAGCCGTCA","BC_AGTTCCCCAGCCGTCA","C7",1
"BC_AGTTCGACACGCGTCA","BC_AGTTCGACACGCGTCA","C7",1
"BC_ATACCGATCATGCAGT","BC_ATACCGATCATGCAGT","C5",1
"BC_AGACCCGAGATCCCGC","BC_ATAGACCTCGTGGCTG","C7",7
"BC_ATAGGCTTCCACACCT","BC_ATAGGCTTCCACACCT","C7",1
"BC_ATAGGCTTCGTTCCTG","BC_ATAGGCTTCGTTCCTG","C7",6
"BC_ATATCCTAGTCCGTCG","BC_ATATCCTAGTCCGTCG","C7",1
"BC_ATATCCTTCGTGTGAT","BC_ATATCCTTCGTGTGAT","C5",1
"BC_ATCACAGCATTGCCTC","BC_ATCACAGCATTGCCTC","C4",1
"BC_ATCACGATCATGTCTT","BC_ATCACGATCATGTCTT","C7",1
"BC_GATCACATCGTTCCCA","BC_ATCATTCAGAGTGAAG","C5",2
"BC_ATCATTCAGTCGAATA","BC_ATCATTCAGTCGAATA","C7",1
"BC_ATCATTCTCCATTCGC","BC_ATCATTCTCCATTCGC","C4",1
"BC_ATCCACCGTCAAGTTC","BC_ATCCACCGTCAAGTTC","C4",2
"BC_ATCCGTCCAAATGATG","BC_ATCCGTCCAAATGATG","C7",1
"BC_ATCCTATCACTGTGAT","BC_ATCCTATCACTGTGAT","C4",1
"BC_ATCCTATGTTCACCGG","BC_ATCCTATGTTCACCGG","C4",1
"BC_ATCGATGCACCTGTCT","BC_ATCGATGCACCTGTCT","C7",1
"BC_ATCGATGCAGCAGAAC","BC_ATCGATGCAGCAGAAC","C7",1
"BC_ATTCAGGAGAATCTAG","BC_ATCGATGGTTCCCACT","C4",3
"BC_ATCGGATCACTACAGT","BC_ATCGGATCACTACAGT","C7",1
"BC_ATCGGCGAGCATACTC","BC_ATCGGCGAGCATACTC","C0",3
"BC_ATCGGCGAGCCGATTT","BC_ATCGGCGAGCCGATTT","C7",1
"BC_ATCGGCGGTCATTCCC","BC_ATCGGCGGTCATTCCC","C7",1
"BC_ATCGGCGGTGCCTAAT","BC_ATCGGCGGTGCCTAAT","C4",4
"BC_ATCGTCCCAGCCATTA","BC_ATCGTCCCAGCCATTA","C7",1
"BC_ATCGTCCCATGTACGT","BC_ATCGTCCCATGTACGT","C4",1
"BC_ATCTCTAAGTGGACGT","BC_ATCTCTAAGTGGACGT","C5",1
"BC_ATCTCTATCCCGAGAC","BC_ATCTCTATCCCGAGAC","C7",1
"BC_ATCTTCAGTCACTACA","BC_ATCTTCAGTCACTACA","C7",1
"BC_ATCTTCATCCCGAATA","BC_ATCTTCATCCCGAATA","C7",1
"BC_ATGACCAAGAGAGGTA","BC_ATGACCAAGAGAGGTA","C7",1
"BC_ATGAGGGCATCTCATT","BC_ATGAGGGCATCTCATT","C4",2
"BC_ATGATCGCAATCTAGC","BC_ATGATCGCAATCTAGC","C7",1
"BC_ATGCATGGTGTTGACT","BC_ATGCATGGTGTTGACT","C4",1
"BC_ATGCCTCGTCCTACAA","BC_ATGCCTCGTCCTACAA","C5",1
"BC_ATGCCTCTCCTACAAG","BC_ATGCCTCTCCTACAAG","C4",4
"BC_CGCCAGAAGTTACTCG","BC_ATGCGATGTTCCGGTG","C1",2
"BC_ATGGAGGCATCAGTGT","BC_ATGGAGGCATCAGTGT","C7",1
"BC_ATGGAGGGTGTGGACA","BC_ATGGAGGGTGTGGACA","C7",1
"BC_ATGGATCCAGAAGCTG","BC_ATGGATCCAGAAGCTG","C5",1
"BC_ATGGATCTCGGAGTAG","BC_ATGGATCTCGGAGTAG","C5",1
"BC_ATGGGAGCATCATCTT","BC_ATGGGAGCATCATCTT","C7",1
"BC_ATGGGTTGTCGTTATG","BC_ATGGGTTGTCGTTATG","C4",1
"BC_ATGGGTTTCCGTGTGG","BC_ATGGGTTTCCGTGTGG","C4",2
"BC_ATGGTTGGTATGAGGC","BC_ATGGTTGGTATGAGGC","C5",1
"BC_TGTCAGAAGCGTCGAA","BC_ATGGTTGTCAGAGCGA","C7",10
"BC_TTGCCTGGTGACTCGC","BC_ATGGTTGTCAGTAGGG","C7",4
"BC_ATTACCTGTCATCTAG","BC_ATTACCTGTCATCTAG","C4",1
"BC_ATTACCTTCAGTGGGA","BC_ATTACCTTCAGTGGGA","C7",1
"BC_ATTCACTGTCATCGGC","BC_ATTCACTGTCATCGGC","C4",1
"BC_ATTCAGGAGAATCTAG","BC_ATTCAGGAGAATCTAG","C0",3
"BC_ATTCAGGTCAACCGAT","BC_ATTCAGGTCAACCGAT","C7",1
"BC_ATTCATCAGTTGCCTA","BC_ATTCATCAGTTGCCTA","C7",1
"BC_ATTCCCGGTTCGGCTG","BC_ATTCCCGGTTCGGCTG","C7",1
"BC_ATAGGCTTCGTTCCTG","BC_ATTCCTACATTGAGCT","C7",6
"BC_ATTCCTAGTATCTCTT","BC_ATTCCTAGTATCTCTT","C4",1
"BC_ATTCCTAGTCTGTCAA","BC_ATTCCTAGTCTGTCAA","C5",1
"BC_ATTCGTTGTTCAGCTA","BC_ATTCGTTGTTCAGCTA","C0",1
"BC_ATTCTACAGTTGTACC","BC_ATTCTACAGTTGTACC","C6",1
"BC_ATTCTACTCGTCCTCA","BC_ATTCTACTCGTCCTCA","C7",1
"BC_ATTCTTGAGCGTCAAG","BC_ATTCTTGAGCGTCAAG","C5",1
"BC_ATTGGGTTCACGGAGA","BC_ATTGGGTTCACGGAGA","C5",1
"BC_ATTTACCTCTGTCAGA","BC_ATTTACCTCTGTCAGA","C7",1
"BC_ATTTCTGTCTGCGAGC","BC_ATTTCTGTCTGCGAGC","C4",1
"BC_CAAAGAACACGGGCTT","BC_CAAAGAACACGGGCTT","C7",2
"BC_CAAAGAAGTACCCGAC","BC_CAAAGAAGTACCCGAC","C7",1
"BC_CAACAACAGGTTCACT","BC_CAACAACAGGTTCACT","C5",1
"BC_CAACAACGTTGCTGAT","BC_CAACAACGTTGCTGAT","C7",1
"BC_TTAGTCTTCATGACAC","BC_CAACAGTTCCAGCTCT","C7",2
"BC_CAACCAAAGGCGTTGA","BC_CAACCAAAGGCGTTGA","C7",1
"BC_CTTTCAAAGAGGTCAC","BC_CAACCAACATAATGCC","C4",2
"BC_CAACGATGTGACTCGC","BC_CAACGATGTGACTCGC","C6",1
"BC_CAAGGGAGTACGTAGG","BC_CAAGGGAGTACGTAGG","C4",1
"BC_CAAGGGATCTCTGGTC","BC_CAAGGGATCTCTGGTC","C6",1
"BC_CAATACGGTGGGATTG","BC_CAATACGGTGGGATTG","C7",1
"BC_CAATGACAGTATAGGT","BC_CAATGACAGTATAGGT","C4",1
"BC_CAATTTCCATCAACCA","BC_CAATTTCCATCAACCA","C7",1
"BC_CACACAACAATGCAGG","BC_CACACAACAATGCAGG","C7",1
"BC_CACAGATCAAGCAATA","BC_CACAGATCAAGCAATA","C7",2
"BC_CACAGGCTCTGACCCT","BC_CACAGGCTCTGACCCT","C7",1
"BC_TCTTAGTCAGGCTCTG","BC_CACCAAATCGAGTCTA","C7",2
"BC_CACGGGTTCAAATAGG","BC_CACGGGTTCAAATAGG","C7",1
"BC_CACGGGTTCGACCACG","BC_CACGGGTTCGACCACG","C7",1
"BC_CACTGAACAACGATTC","BC_CACTGAACAACGATTC","C7",1
"BC_CACTGAATCCACACCT","BC_CACTGAATCCACACCT","C7",1
"BC_CACTGGGAGACGTCGA","BC_CACTGGGAGACGTCGA","C7",1
"BC_CACTGGGCACATGACT","BC_CACTGGGCACATGACT","C7",1
"BC_CACTGGGGTTCACGAT","BC_CACTGGGGTTCACGAT","C8",1
"BC_CGCAGGTTCCCTTCCC","BC_CACTGGGTCCATATGG","C4",6
"BC_AGACCCGAGATCCCGC","BC_CACTGTCGTATTGCCA","C6",7
"BC_CATGCAATCTTGGATG","BC_CAGCACGCAATCTCTT","C3",3
"BC_CAGCACGCACTGTCCT","BC_CAGCACGCACTGTCCT","C7",1
"BC_CGCAGGTTCCCTTCCC","BC_CAGGGCTCAGCCATTA","C4",6
"BC_CAGGTATCATCGAGCC","BC_CAGGTATCATCGAGCC","C7",1
"BC_CAGTTAGCATGCAGGA","BC_CAGTTAGCATGCAGGA","C7",1
"BC_TGACTCCAGCGACATG","BC_CAGTTAGCATTGAAGA","C1",3
"BC_CAGTTAGTCAAGATAG","BC_CAGTTAGTCAAGATAG","C0",1
"BC_CAGTTCCCATGACAGG","BC_CAGTTCCCATGACAGG","C7",1
"BC_CATAAGCCAGCGGTCT","BC_CATAAGCCAGCGGTCT","C7",1
"BC_CATACAGAGGTAAACT","BC_CATACAGAGGTAAACT","C7",1
"BC_CATACAGGTCATCAGT","BC_CATACAGGTCATCAGT","C0",1
"BC_CATACCCAGACGAAGA","BC_CATACCCAGACGAAGA","C6",1
"BC_CATCCCATCACCGACG","BC_CATCCCATCACCGACG","C7",1
"BC_CATCCGTAGCCAAGGT","BC_CATCCGTAGCCAAGGT","C4",1
"BC_CATCGGGAGATGCTAA","BC_CATCGGGAGATGCTAA","C4",1
"BC_CATGAGTAGCACTCAT","BC_CATGAGTAGCACTCAT","C7",1
"BC_CATGAGTAGCAGTACG","BC_CATGAGTAGCAGTACG","C4",1
"BC_CATGCAATCTTGGATG","BC_CATGCAATCTTGGATG","C5",3
"BC_CATGCGGCAGCTACTA","BC_CATGCGGCAGCTACTA","C7",1
"BC_CATGCTCAGATGTAGT","BC_CATGCTCAGATGTAGT","C4",1
"BC_CATGGTAAGAAACTCA","BC_CATGGTAAGAAACTCA","C7",1
"BC_CATGGTAAGCCGGAAT","BC_CATGGTAAGCCGGAAT","C4",1
"BC_CATTCCGGTGCTTATG","BC_CATTCCGGTGCTTATG","C7",1
"BC_CATTGAGGTTTCGGCG","BC_CATTGAGGTTTCGGCG","C7",1
"BC_CATTGCCCAAGCCATT","BC_CATTGCCCAAGCCATT","C4",1
"BC_CATTGCCGTGAGATAT","BC_CATTGCCGTGAGATAT","C7",1
"BC_CATTTCAAGTCGGCAA","BC_CATTTCAAGTCGGCAA","C5",1
"BC_CGGCAGTCACTACCCT","BC_CATTTCAGTGCAATAA","C4",2
"BC_CCAATGAAGGCAGGGA","BC_CCAATGAAGGCAGGGA","C0",1
"BC_TGGGAAGTCTTAGCAG","BC_CCAATGACATCTTAGG","C0",5
"BC_CGCAGGTTCCCTTCCC","BC_CCAATTTAGTGCAGCA","C7",6
"BC_CCAATTTTCGATTGAC","BC_CCAATTTTCGATTGAC","C7",1
"BC_CCACAAAGTCCAGGTC","BC_CCACAAAGTCCAGGTC","C7",1
"BC_CCACACTCACGAGAAC","BC_CCACACTCACGAGAAC","C4",1
"BC_CCACACTGTAGACAAT","BC_CCACACTGTAGACAAT","C4",1
"BC_CCACCATGTATTCCGA","BC_CCACCATGTATTCCGA","C0",1
"BC_CCACGTTGTTTATGCG","BC_CCACGTTGTTTATGCG","C4",1
"BC_CCACTTGAGACCAGCA","BC_CCACTTGAGACCAGCA","C0",1
"BC_CCATAAGGTGGATCAG","BC_CCATAAGGTGGATCAG","C4",1
"BC_CCCAACTTCAGACATC","BC_CCCAACTTCAGACATC","C4",1
"BC_CCCATTGAGTTGTAGA","BC_CCCATTGAGTTGTAGA","C5",1
"BC_TAGATCGGTACGACAG","BC_CCCGAAGCAATCGCAT","C4",9
"BC_ATCGGCGAGCATACTC","BC_CCCGGAACAGAACATA","C7",3
"BC_CCCTCAACAGTAGGAC","BC_CCCTCAACAGTAGGAC","C7",1
"BC_CCCTCAACATGAGTAA","BC_CCCTCAACATGAGTAA","C4",1
"BC_CCCTTAGAGTTTGGCT","BC_CCCTTAGAGTTTGGCT","C4",1
"BC_TAAGCACAGTGACCTT","BC_CCCTTAGCAGTCAGAG","C7",3
"BC_GGGCTCATCACTCACC","BC_CCCTTAGCATGAATCC","C7",2
"BC_CCCTTAGCATGTAACC","BC_CCCTTAGCATGTAACC","C4",1
"BC_CCGCAAGCAACTCATG","BC_CCGCAAGCAACTCATG","C4",3
"BC_CCGCAAGCACCCTAGG","BC_CCGCAAGCACCCTAGG","C4",1
"BC_CCGCAAGCACCCTTAC","BC_CCGCAAGCACCCTTAC","C7",1
"BC_CCGCAAGTCGTTGTTT","BC_CCGCAAGTCGTTGTTT","C0",1
"BC_CCGGTGAGTTTCGGCG","BC_CCGGTGAGTTTCGGCG","C4",1
"BC_CCGGTGATCCTTGGAA","BC_CCGGTGATCCTTGGAA","C3",1
"BC_CCGTAGGAGCGCCCAT","BC_CCGTAGGAGCGCCCAT","C7",1
"BC_CCGTTCAAGCTTTGTG","BC_CCGTTCAAGCTTTGTG","C4",1
"BC_CCTAACCGTAGTGGCA","BC_CCTAACCGTAGTGGCA","C4",1
"BC_CCTACGTCAACAGTGG","BC_CCTACGTCAACAGTGG","C5",1
"BC_TAGGTTGAGCGTGCTC","BC_CCTCAACTCAAGCCCG","C0",2
"BC_CCTCACAGTCTAGTGT","BC_CCTCACAGTCTAGTGT","C7",1
"BC_GTCAGCGAGGGACAGG","BC_CCTCACATCTGCCTGT","C7",4
"BC_CTCCAACAGACATCAA","BC_CCTCAGTAGTTCCTGA","C4",4
"BC_CCTCAGTGTTATAGCC","BC_CCTCAGTGTTATAGCC","C4",1
"BC_CCTCATGCAGACCTGC","BC_CCTCATGCAGACCTGC","C7",1
"BC_CCTCCAAAGCTTTCTT","BC_CCTCCAAAGCTTTCTT","C7",1
"BC_CCTCCTCCATTGCCTC","BC_CCTCCTCCATTGCCTC","C7",2
"BC_CCTGCATAGCGTTGTT","BC_CCTGCATAGCGTTGTT","C7",1
"BC_CCTTGTGGTACTGCCG","BC_CCTTGTGGTACTGCCG","C4",1
"BC_CCTTGTGGTAGCGCTC","BC_CCTTGTGGTAGCGCTC","C4",1
"BC_CCTTTGGGTTTCGTGA","BC_CCTTTGGGTTTCGTGA","C7",1
"BC_CCTTTGGTCATTTACC","BC_CCTTTGGTCATTTACC","C7",1
"BC_ATAGGCTTCGTTCCTG","BC_CGAAGGACATTCAGCA","C7",6
"BC_CGAGAAGAGATAGCTA","BC_CGAGAAGAGATAGCTA","C4",2
"BC_CGAGAAGGTATGCAAA","BC_CGAGAAGGTATGCAAA","C5",1
"BC_CGAGGCTGTCTACTGA","BC_CGAGGCTGTCTACTGA","C4",1
"BC_CGAGTGCCAAAGGCAC","BC_CGAGTGCCAAAGGCAC","C4",1
"BC_CGAGTTAAGGTCATAA","BC_CGAGTTAAGGTCATAA","C4",1
"BC_TAGATCGGTACGACAG","BC_CGAGTTAGTTGGGATG","C4",9
"BC_CGATCGGAGAACCGCA","BC_CGATCGGAGAACCGCA","C5",1
"BC_AGACCCGAGATCCCGC","BC_CGATGCGCATCCTAAG","C3",7
"BC_CGCAGGTTCCCTTCCC","BC_CGCAGGTTCCCTTCCC","C4",6
"BC_CGCATAAAGGTGCTAG","BC_CGCATAAAGGTGCTAG","C7",1
"BC_CGCATAATCGAGCACC","BC_CGCATAATCGAGCACC","C7",1
"BC_CGCATGGCAGGTGGAT","BC_CGCATGGCAGGTGGAT","C4",1
"BC_CGCATGGCATTGGATC","BC_CGCATGGCATTGGATC","C4",1
"BC_CGCATGGGTAGAGTTA","BC_CGCATGGGTAGAGTTA","C4",1
"BC_CGCCAGAAGTTACTCG","BC_CGCCAGAAGTTACTCG","C7",2
"BC_CGCCAGACAATGTGGG","BC_CGCCAGACAATGTGGG","C5",1
"BC_CGCCAGATCCGGTTCT","BC_CGCCAGATCCGGTTCT","C7",1
"BC_CGCCATTAGCTAGAGC","BC_CGCCATTAGCTAGAGC","C1",1
"BC_CGCCATTTCTTAGCAG","BC_CGCCATTTCTTAGCAG","C7",1
"BC_CGGAACCAGGGACCAT","BC_CGGAACCAGGGACCAT","C7",1
"BC_CGGAACCGTACCTAAC","BC_CGGAACCGTACCTAAC","C7",1
"BC_TATACCTGTGGGATTG","BC_CGGAACCTCGCATTAG","C7",2
"BC_CGGAATTTCACTGCTC","BC_CGGAATTTCACTGCTC","C7",1
"BC_CGGAATTTCATTTCCA","BC_CGGAATTTCATTTCCA","C7",1
"BC_CGGACACTCTAGTGAC","BC_CGGACACTCTAGTGAC","C6",1
"BC_CGGAGAAAGTTTGAGA","BC_CGGAGAAAGTTTGAGA","C4",1
"BC_CGGAGAAGTCTCGGGT","BC_CGGAGAAGTCTCGGGT","C4",1
"BC_CGGCAGTCACTACCCT","BC_CGGCAGTCACTACCCT","C4",2
"BC_GCCCGAAGTCACAGTT","BC_CGGGACTAGACATCAA","C0",2
"BC_CGGGACTAGTTCACTG","BC_CGGGACTAGTTCACTG","C7",1
"BC_AGTCAACTCGAAACAA","BC_CGGGTCAGTGGGTTGA","C0",3
"BC_CGGGTGTCACTCCGGA","BC_CGGGTGTCACTCCGGA","C7",1
"BC_CGGTCAGAGTCGAGGT","BC_CGGTCAGAGTCGAGGT","C7",1
"BC_CGTAAGTCAGCTGAGA","BC_CGTAAGTCAGCTGAGA","C7",1
"BC_CGTAAGTTCTCGTTTA","BC_CGTAAGTTCTCGTTTA","C5",1
"BC_CGTAATGAGAAATTCG","BC_CGTAATGAGAAATTCG","C4",1
"BC_CGTAATGAGGATCATA","BC_CGTAATGAGGATCATA","C4",1
"BC_CGTCCATGTTTACTGG","BC_CGTCCATGTTTACTGG","C4",1
"BC_CGTGAATAGGAGAGGC","BC_CGTGAATAGGAGAGGC","C7",1
"BC_CGTGAATTCTCTAGGA","BC_CGTGAATTCTCTAGGA","C1",1
"BC_CGTGCTTCAGAGGTAC","BC_CGTGCTTCAGAGGTAC","C4",1
"BC_CGTGCTTCAGCCTATA","BC_CGTGCTTCAGCCTATA","C0",1
"BC_CGTGTCTCAACCGACC","BC_CGTGTCTCAACCGACC","C7",1
"BC_CGTTCTGCAATCCTAG","BC_CGTTCTGCAATCCTAG","C4",1
"BC_CGTTCTGCACTACGGC","BC_CGTTCTGCACTACGGC","C7",1
"BC_CGTTCTGTCACTGCTC","BC_CGTTCTGTCACTGCTC","C7",1
"BC_CGTTCTGTCATTACTC","BC_CGTTCTGTCATTACTC","C7",1
"BC_CGTTGGGCACGGTAGA","BC_CGTTGGGCACGGTAGA","C4",1
"BC_CTAACCCAGGGACCAT","BC_CTAACCCAGGGACCAT","C4",1
"BC_CTAACCCGTGATGGCA","BC_CTAACCCGTGATGGCA","C7",1
"BC_CTAACCCTCAGTGTGT","BC_CTAACCCTCAGTGTGT","C7",1
"BC_CTAACCCTCCTAACAG","BC_CTAACCCTCCTAACAG","C7",1
"BC_CTAAGTGTCGCTTGAA","BC_CTAAGTGTCGCTTGAA","C7",1
"BC_CTACAGACAGCTGTAT","BC_CTACAGACAGCTGTAT","C4",1
"BC_CTACATTAGCCGAACA","BC_CTACATTAGCCGAACA","C4",1
"BC_CTACATTTCTACTGCC","BC_CTACATTTCTACTGCC","C5",1
"BC_CTACCTGCAAGCAATA","BC_CTACCTGCAAGCAATA","C4",1
"BC_CTAGACACACTTTAGG","BC_CTAGACACACTTTAGG","C5",1
"BC_CTAGACATCGGCACTG","BC_CTAGACATCGGCACTG","C5",1
"BC_CTATCTATCCTTCACG","BC_CTATCTATCCTTCACG","C5",1
"BC_CTCAACCAGTCGCTAT","BC_CTCAACCAGTCGCTAT","C7",1
"BC_CTCAAGAGTTGAGTCT","BC_CTCAAGAGTTGAGTCT","C0",1
"BC_CTCAATTGTTGAGTCT","BC_CTCAATTGTTGAGTCT","C4",1
"BC_CTCACTGAGTTGCGAG","BC_CTCACTGAGTTGCGAG","C7",1
"BC_CTCACTGGTCGAACGA","BC_CTCACTGGTCGAACGA","C4",1
"BC_CTCAGAAGTATGGTTC","BC_CTCAGAAGTATGGTTC","C7",1
"BC_CTCATCGTCGCAACAT","BC_CTCATCGTCGCAACAT","C4",2
"BC_CTCATCGTCGGTCACG","BC_CTCATCGTCGGTCACG","C7",1
"BC_CTCATTAAGCAGCAGT","BC_CTCATTAAGCAGCAGT","C7",1
"BC_CTCCAACAGACATCAA","BC_CTCCAACAGACATCAA","C0",4
"BC_CTCCAACGTTTACGAC","BC_CTCCAACGTTTACGAC","C7",1
"BC_CTCCACATCTTGATTC","BC_CTCCACATCTTGATTC","C0",1
"BC_CTCCCTCTCGTCGATA","BC_CTCCCTCTCGTCGATA","C4",1
"BC_CTCCGATCATGCTGCG","BC_CTCCGATCATGCTGCG","C7",1
"BC_CTCCTCCGTAGACACG","BC_CTCCTCCGTAGACACG","C4",1
"BC_CTCCTCCTCGGTTGTA","BC_CTCCTCCTCGGTTGTA","C7",1
"BC_CTCGAGGGTGTATACC","BC_CTCGAGGGTGTATACC","C0",1
"BC_CTCGAGGTCATTGTTC","BC_CTCGAGGTCATTGTTC","C4",1
"BC_CTCGAGGTCTTCACAT","BC_CTCGAGGTCTTCACAT","C7",1
"BC_CTCTCAGGTATTTCGG","BC_CTCTCAGGTATTTCGG","C7",1
"BC_CTCTCGAGTTTGACAC","BC_CTCTCGAGTTTGACAC","C7",1
"BC_CTCTCGATCACAACCA","BC_CTCTCGATCACAACCA","C7",1
"BC_CTCTGGTCACGAGGTA","BC_CTCTGGTCACGAGGTA","C7",1
"BC_CTCTGGTGTGCATGAG","BC_CTCTGGTGTGCATGAG","C6",1
"BC_CTCTGGTTCCACCTGT","BC_CTCTGGTTCCACCTGT","C5",1
"BC_CTGAATGAGCTCGACC","BC_CTGAATGAGCTCGACC","C7",1
"BC_CTGAGCGAGTGAGTGC","BC_CTGAGCGAGTGAGTGC","C0",2
"BC_CTGAGCGAGTTGCTGT","BC_CTGAGCGAGTTGCTGT","C7",1
"BC_CTGAGGCTCCTACCAC","BC_CTGAGGCTCCTACCAC","C7",1
"BC_CTGAGGCTCTCATGGA","BC_CTGAGGCTCTCATGGA","C4",1
"BC_TCATGAGCAGAGTTCT","BC_CTGATCCCAACAGCTT","C7",2
"BC_CTGATCCTCTAACGCA","BC_CTGATCCTCTAACGCA","C5",1
"BC_CTGCCATCAGGAGGAG","BC_CTGCCATCAGGAGGAG","C7",1
"BC_TCAGTCCAGAATTCAG","BC_CTGCCTAAGTAGGATT","C7",3
"BC_CTGCCTACAACACACT","BC_CTGCCTACAACACACT","C7",2
"BC_CTGCCTATCTTTCAGT","BC_CTGCCTATCTTTCAGT","C7",1
"BC_CTGGACGCAAAGACTA","BC_CTGGACGCAAAGACTA","C7",1
"BC_CTGGACGGTCCTTTGC","BC_CTGGACGGTCCTTTGC","C5",1
"BC_ATGAGGGCATCTCATT","BC_CTGGACGTCTCTCGCA","C6",2
"BC_ATCGGCGGTGCCTAAT","BC_CTGGTCTCAACTGCTA","C4",4
"BC_CTGGTCTGTCCCACGA","BC_CTGGTCTGTCCCACGA","C7",1
"BC_CTGTGAAAGCCTCATA","BC_CTGTGAAAGCCTCATA","C5",1
"BC_CTGTGAACACTGCTTC","BC_CTGTGAACACTGCTTC","C5",1
"BC_CTTACCGCAGGATTCT","BC_CTTACCGCAGGATTCT","C4",1
"BC_CTTCCGAGTAGCTCGC","BC_CTTCCGAGTAGCTCGC","C7",1
"BC_CTTCGGTGTCGACGCT","BC_CTTCGGTGTCGACGCT","C7",1
"BC_CTTCGGTTCCTCAGAA","BC_CTTCGGTTCCTCAGAA","C4",1
"BC_CTTCTAATCGCTCTAC","BC_CTTCTAATCGCTCTAC","C0",1
"BC_CTTCTCTAGAACGTGC","BC_CTTCTCTAGAACGTGC","C4",2
"BC_GTCGCGAGTGAACCGA","BC_CTTCTCTAGAGCAAGA","C7",6
"BC_CTTCTCTAGGCTAACG","BC_CTTCTCTAGGCTAACG","C4",1
"BC_CTTCTCTCACTTGGGC","BC_CTTCTCTCACTTGGGC","C4",1
"BC_CTTCTCTGTCACTTAG","BC_CTTCTCTGTCACTTAG","C7",1
"BC_CTTCTCTTCAAACCTG","BC_CTTCTCTTCAAACCTG","C7",1
"BC_CTTGAGAAGACTAGAT","BC_CTTGAGAAGACTAGAT","C5",1
"BC_CTTGAGACAGGACTTT","BC_CTTGAGACAGGACTTT","C5",1
"BC_CTTGAGAGTGACGTCC","BC_CTTGAGAGTGACGTCC","C7",1
"BC_CTTTCAAAGAGGTCAC","BC_CTTTCAAAGAGGTCAC","C5",2
"BC_CTTTCGGAGACCAACG","BC_CTTTCGGAGACCAACG","C0",1
"BC_GAAACCTCATATGGCT","BC_GAAACCTCATATGGCT","C7",1
"BC_GAAATGAAGGTGCTAG","BC_GAAATGAAGGTGCTAG","C5",1
"BC_GAACACTCAGTGACCC","BC_GAACACTCAGTGACCC","C7",1
"BC_GAACACTTCAAGCCCG","BC_GAACACTTCAAGCCCG","C7",1
"BC_GAACTGTTCTTTGGAG","BC_GAACTGTTCTTTGGAG","C7",1
"BC_GAAGCCCAGTAAGGGA","BC_GAAGCCCAGTAAGGGA","C7",1
"BC_TGACTCCAGCGACATG","BC_GAAGCCCTCATCTACT","C7",3
"BC_GAAGGACAGAGTCTGG","BC_GAAGGACAGAGTCTGG","C4",1
"BC_GAAGGACCACATGAAA","BC_GAAGGACCACATGAAA","C4",1
"BC_GAAGGGTCAACCGCTG","BC_GAAGGGTCAACCGCTG","C5",1
"BC_GAAGGGTGTGTGTGTT","BC_GAAGGGTGTGTGTGTT","C4",2
"BC_GAAGGGTTCGCTGCGA","BC_GAAGGGTTCGCTGCGA","C7",1
"BC_TGACTCCTCCCGGTAG","BC_GAAGTAATCTACGGGC","C4",2
"BC_TAGATCGGTACGACAG","BC_GAATAGACATCCGAAT","C4",9
"BC_GAATCACCATACGCAT","BC_GAATCACCATACGCAT","C4",1
"BC_GAATCACTCGGAACTT","BC_GAATCACTCGGAACTT","C6",1
"BC_GACACGCAGTGCACAG","BC_GACACGCAGTGCACAG","C7",1
"BC_TTTCATGGTATCTTCT","BC_GACACGCGTCGGAAAC","C7",5
"BC_GACACGCTCTAGTTCT","BC_GACACGCTCTAGTTCT","C5",2
"BC_GACAGCCAGCTCCATA","BC_GACAGCCAGCTCCATA","C0",1
"BC_GACAGCCCATCTTCGC","BC_GACAGCCCATCTTCGC","C5",1
"BC_GACAGCCGTGACTGTT","BC_GACAGCCGTGACTGTT","C4",1
"BC_GACATCACATCGAACT","BC_GACATCACATCGAACT","C4",1
"BC_GACCAATGTTGGCTAT","BC_GACCAATGTTGGCTAT","C7",1
"BC_GACCCAGTCGTGTTCC","BC_GACCCAGTCGTGTTCC","C7",1
"BC_GACCGTGAGGCCTAGA","BC_GACCGTGAGGCCTAGA","C7",1
"BC_GACCGTGTCGAGTGAG","BC_GACCGTGTCGAGTGAG","C7",1
"BC_GACCTTCGTAGGCTGA","BC_GACCTTCGTAGGCTGA","C7",1
"BC_GTCAGCGAGGGACAGG","BC_GACGCTGAGCCGTTAT","C1",4
"BC_GACGCTGGTACGCTAT","BC_GACGCTGGTACGCTAT","C7",1
"BC_GACGTTACAGCACCCA","BC_GACGTTACAGCACCCA","C5",1
"BC_GACTATGCACTTCAGA","BC_GACTATGCACTTCAGA","C4",1
"BC_GACTCAAAGATCGGTG","BC_GACTCAAAGATCGGTG","C7",1
"BC_GACTCAACAGGACATG","BC_GACTCAACAGGACATG","C7",4
"BC_GACTCAATCCTATTTG","BC_GACTCAATCCTATTTG","C4",1
"BC_GACTGATTCGTAGCTA","BC_GACTGATTCGTAGCTA","C4",1
"BC_GACTTCCAGGGCTAAC","BC_GACTTCCAGGGCTAAC","C7",1
"BC_GAGACCCAGAAACCAT","BC_GAGACCCAGAAACCAT","C5",1
"BC_GAGACTTCAATGAAAC","BC_GAGACTTCAATGAAAC","C5",1
"BC_GAGAGGTCAAACCACT","BC_GAGAGGTCAAACCACT","C0",1
"BC_GAGAGGTTCAAGTGGG","BC_GAGAGGTTCAAGTGGG","C4",1
"BC_GAGATGGCACATCCCT","BC_GAGATGGCACATCCCT","C0",1
"BC_GAGCTGCAGTGCGCTC","BC_GAGCTGCAGTGCGCTC","C7",2
"BC_GAGCTGCGTGAAGCTG","BC_GAGCTGCGTGAAGCTG","C5",1
"BC_GAGGCAAAGCTCCCTT","BC_GAGGCAAAGCTCCCTT","C7",1
"BC_GAGGCAAAGGCACTCC","BC_GAGGCAAAGGCACTCC","C7",1
"BC_GAGGCAATCAAGAGTA","BC_GAGGCAATCAAGAGTA","C5",1
"BC_TTGCCTGGTGACTCGC","BC_GAGTCATAGAGTGTGC","C7",4
"BC_GAGTCATAGTGATGGC","BC_GAGTCATAGTGATGGC","C7",2
"BC_GAGTCATCAGCATGCC","BC_GAGTCATCAGCATGCC","C4",1
"BC_GAGTCTACATTGACTG","BC_GAGTCTACATTGACTG","C7",1
"BC_CCGCAAGCAACTCATG","BC_GAGTTTGCACTGGACC","C7",3
"BC_GATAGAAAGGGTTAGC","BC_GATAGAAAGGGTTAGC","C7",1
"BC_GATAGAACACACCGAC","BC_GATAGAACACACCGAC","C7",1
"BC_GATCACACACGACCTG","BC_GATCACACACGACCTG","C7",1
"BC_GATCACATCGTTCCCA","BC_GATCACATCGTTCCCA","C7",2
"BC_GATCAGTCATCCGATA","BC_GATCAGTCATCCGATA","C6",2
"BC_GATCATGCAGATAAAC","BC_GATCATGCAGATAAAC","C7",1
"BC_GATCATGGTACCGTGC","BC_GATCATGGTACCGTGC","C7",1
"BC_GATCCCTCAAGATTGA","BC_GATCCCTCAAGATTGA","C7",1
"BC_GATCCCTGTTACGGAG","BC_GATCCCTGTTACGGAG","C4",2
"BC_GATGACTAGCGAATGC","BC_GATGACTAGCGAATGC","C7",1
"BC_GATGACTGTGGTTCTA","BC_GATGACTGTGGTTCTA","C7",1
"BC_GATGAGGAGGACATCG","BC_GATGAGGAGGACATCG","C7",1
"BC_GATGAGGTCCGAGATT","BC_GATGAGGTCCGAGATT","C7",1
"BC_GATGCTAAGATGCCGA","BC_GATGCTAAGATGCCGA","C7",1
"BC_GATGGAGAGACGGTCA","BC_GATGGAGAGACGGTCA","C7",1
"BC_GATGGAGTCAGAATAG","BC_GATGGAGTCAGAATAG","C4",2
"BC_GATGTTGCAACTTGGT","BC_GATGTTGCAACTTGGT","C7",1
"BC_GATGTTGCATAACTCG","BC_GATGTTGCATAACTCG","C7",1
"BC_GATTCGAAGTCATGAA","BC_GATTCGAAGTCATGAA","C5",1
"BC_GATTCGATCTCCAATT","BC_GATTCGATCTCCAATT","C7",1
"BC_GATTGGTAGTCCCGGT","BC_GATTGGTAGTCCCGGT","C6",1
"BC_GATTTCTTCATGGATC","BC_GATTTCTTCATGGATC","C5",1
"BC_GCAACATTCGTGTGAT","BC_GCAACATTCGTGTGAT","C4",1
"BC_GCACATACACAGCTGC","BC_GCACATACACAGCTGC","C4",1
"BC_GCACGTGAGCAAGTGC","BC_GCACGTGAGCAAGTGC","C6",1
"BC_GCACGTGTCCGCTGTT","BC_GCACGTGTCCGCTGTT","C5",1
"BC_GCACTAATCTGAATCG","BC_GCACTAATCTGAATCG","C4",1
"BC_GCAGCTGAGTGCGACA","BC_GCAGCTGAGTGCGACA","C5",2
"BC_GGGTCTGTCTTTGCAT","BC_GCAGGCTAGACCCTTA","C4",2
"BC_GAGTCATAGTGATGGC","BC_GCAGTTAGTCGCATTA","C7",2
"BC_GCATCTCCACCTCTGT","BC_GCATCTCCACCTCTGT","C7",1
"BC_GCATCTCGTCCTGTCT","BC_GCATCTCGTCCTGTCT","C4",1
"BC_GCATGATGTATGGGAC","BC_GCATGATGTATGGGAC","C5",1
"BC_GCATTAGCAAATAAGC","BC_GCATTAGCAAATAAGC","C4",1
"BC_TGTCAGAAGCGTCGAA","BC_GCCAACGTCGGTCGGT","C7",10
"BC_GCCAGCAGTTCTCTAT","BC_GCCAGCAGTTCTCTAT","C7",1
"BC_TAAGCACAGTTTGGCT","BC_GCCATGGCATCGATAC","C6",3
"BC_GCCCAGAAGCAACTTC","BC_GCCCAGAAGCAACTTC","C0",1
"BC_GCCCAGACAGATTCGT","BC_GCCCAGACAGATTCGT","C7",1
"BC_GCCCGAAGTACTAACC","BC_GCCCGAAGTACTAACC","C4",1
"BC_GCCCGAAGTCACAGTT","BC_GCCCGAAGTCACAGTT","C7",2
"BC_GCCTGTTGTCCACACG","BC_GCCTGTTGTCCACACG","C7",1
"BC_GCGATCGTCCCAGCGA","BC_GCGATCGTCCCAGCGA","C4",1
"BC_TGTCAGAAGCGTCGAA","BC_GCGGATCCAATGACCT","C7",10
"BC_GCGTGCAAGATACTGA","BC_GCGTGCAAGATACTGA","C0",1
"BC_GCGTGCATCCTGGGAC","BC_GCGTGCATCCTGGGAC","C7",1
"BC_GCTACAAAGAGTCAGC","BC_GCTACAAAGAGTCAGC","C7",1
"BC_GCTACAAGTTCCTAAG","BC_GCTACAAGTTCCTAAG","C7",1
"BC_GCTACCTAGAACCGCA","BC_GCTACCTAGAACCGCA","C7",1
"BC_GCTCAAAAGATTGGGC","BC_GCTCAAAAGATTGGGC","C7",1
"BC_TAGATCGGTACGACAG","BC_GCTCAAATCGTCTACC","C3",9
"BC_CGCAGGTTCCCTTCCC","BC_GCTGAATCATCTAGAC","C3",6
"BC_GATCCCTGTTACGGAG","BC_GCTGAATGTCAGACGA","C4",2
"BC_GCTGGGTAGTGGGAAA","BC_GCTGGGTAGTGGGAAA","C7",1
"BC_GCTGGGTCATGATAGA","BC_GCTGGGTCATGATAGA","C5",1
"BC_GCTTCACTCCGAACGC","BC_GCTTCACTCCGAACGC","C5",1
"BC_GCTTTCGAGTTTGGCT","BC_GCTTTCGAGTTTGGCT","C7",1
"BC_CTCCAACAGACATCAA","BC_GCTTTCGCACTAAACC","C5",4
"BC_GCTTTCGTCAAACCTG","BC_GCTTTCGTCAAACCTG","C4",1
"BC_GGAACCCAGCACTCTA","BC_GGAACCCAGCACTCTA","C7",1
"BC_GGAACCCTCCTACTGC","BC_GGAACCCTCCTACTGC","C6",1
"BC_GGAATCTAGCGGGTTA","BC_GGAATCTAGCGGGTTA","C7",2
"BC_GGAATCTTCTCTATAC","BC_GGAATCTTCTCTATAC","C7",1
"BC_GGAATGGGTTTACTTC","BC_GGAATGGGTTTACTTC","C7",1
"BC_GGAGCAAGTAGATTAG","BC_GGAGCAAGTAGATTAG","C4",1
"BC_GGAGGATTCAGGACGA","BC_GGAGGATTCAGGACGA","C7",1
"BC_GGAGGTAAGTATTGCC","BC_GGAGGTAAGTATTGCC","C5",1
"BC_GGCACGTGTCGAATTC","BC_GGCACGTGTCGAATTC","C7",1
"BC_GGCGTCACAGGCCCTA","BC_GGCGTCACAGGCCCTA","C5",1
"BC_GGCTGTGGTGTATTCG","BC_GGCTGTGGTGTATTCG","C7",1
"BC_GGCTTGGAGGATTCAA","BC_GGCTTGGAGGATTCAA","C7",1
"BC_GGCTTGGAGTATTAGG","BC_GGCTTGGAGTATTAGG","C7",1
"BC_GGCTTTCCAATACAGA","BC_GGCTTTCCAATACAGA","C7",1
"BC_GGCTTTCCATGTGGCC","BC_GGCTTTCCATGTGGCC","C7",1
"BC_GGGAAGTGTCATGACT","BC_GGGAAGTGTCATGACT","C7",1
"BC_GGGAAGTTCATGCTAG","BC_GGGAAGTTCATGCTAG","C7",1
"BC_GGGACAAAGATGTAGT","BC_GGGACAAAGATGTAGT","C7",1
"BC_GGGACTCCAAGTGCAG","BC_GGGACTCCAAGTGCAG","C7",1
"BC_GGGACTCTCCACTGGG","BC_GGGACTCTCCACTGGG","C5",1
"BC_GGGATCCAGATAGCAT","BC_GGGATCCAGATAGCAT","C7",1
"BC_TTTCATGGTATCTTCT","BC_GGGATCCAGTTAGAAC","C0",5
"BC_GGGATGAGTACATACC","BC_GGGATGAGTACATACC","C7",1
"BC_GGGCCATCAACAAGAT","BC_GGGCCATCAACAAGAT","C7",1
"BC_GGGCTACAGTTCCGGC","BC_GGGCTACAGTTCCGGC","C4",1
"BC_GGGCTCACAATGTCAC","BC_GGGCTCACAATGTCAC","C4",1
"BC_GGGCTCATCACTCACC","BC_GGGCTCATCACTCACC","C7",2
"BC_GGGTAGATCCTACACC","BC_GGGTAGATCCTACACC","C6",1
"BC_GGGTCTGAGCTTTCTT","BC_GGGTCTGAGCTTTCTT","C7",3
"BC_GATGGAGTCAGAATAG","BC_GGGTCTGAGGAGCTGT","C6",2
"BC_GGGTCTGTCTTTGCAT","BC_GGGTCTGTCTTTGCAT","C7",2
"BC_GGGTGAACATTCTCTA","BC_GGGTGAACATTCTCTA","C7",1
"BC_GACTCAACAGGACATG","BC_GGGTTTAAGTTAGTGA","C4",4
"BC_GGTAACTCACTTCTCG","BC_GGTAACTCACTTCTCG","C7",1
"BC_GGTCACGCATGCTGCG","BC_GGTCACGCATGCTGCG","C7",1
"BC_GGTCACGGTGAGCTCC","BC_GGTCACGGTGAGCTCC","C4",1
"BC_GGTGAAGCACATACGT","BC_GGTGAAGCACATACGT","C5",1
"BC_GGTGAAGTCGTTCCTG","BC_GGTGAAGTCGTTCCTG","C6",1
"BC_GGTGGCTTCATGCATG","BC_GGTGGCTTCATGCATG","C0",1
"BC_GGTGTCGGTGCTGCAC","BC_GGTGTCGGTGCTGCAC","C5",1
"BC_GGTTCTCCATGTGTCA","BC_GGTTCTCCATGTGTCA","C4",1
"BC_GGTTGTAAGGCCCAAA","BC_GGTTGTAAGGCCCAAA","C1",1
"BC_GTAAGTCAGACTCTAC","BC_GTAAGTCAGACTCTAC","C4",1
"BC_CTGAGCGAGTGAGTGC","BC_GTACAGTAGCGGACAT","C7",2
"BC_GTAGAAAAGCAGGGAG","BC_GTAGAAAAGCAGGGAG","C7",1
"BC_GTAGAGGAGGCCTGAA","BC_GTAGAGGAGGCCTGAA","C5",1
"BC_GTAGGTTCAGACGGAT","BC_GTAGGTTCAGACGGAT","C7",1
"BC_GTAGGTTGTCGAGCTC","BC_GTAGGTTGTCGAGCTC","C4",1
"BC_GTAGTACAGGTTCATC","BC_GTAGTACAGGTTCATC","C0",1
"BC_GTAGTACAGTGCCGAA","BC_GTAGTACAGTGCCGAA","C4",1
"BC_GTAGTACAGTGTCATC","BC_GTAGTACAGTGTCATC","C7",1
"BC_GTAGTACTCAACACCA","BC_GTAGTACTCAACACCA","C7",1
"BC_AGACCCGAGATCCCGC","BC_GTAGTACTCAGTCACA","C5",7
"BC_GTAGTACTCGTGGAAG","BC_GTAGTACTCGTGGAAG","C7",1
"BC_GTATTGGGTGTGCCTG","BC_GTATTGGGTGTGCCTG","C7",1
"BC_TGATGGTGTCAGTTTG","BC_GTATTGGTCTAGCCAA","C0",2
"BC_GTATTTCCAGTTGTCA","BC_GTATTTCCAGTTGTCA","C7",1
"BC_GTATTTCGTGGTTTGT","BC_GTATTTCGTGGTTTGT","C7",2
"BC_GTCAAACAGTCATAGA","BC_GTCAAACAGTCATAGA","C7",1
"BC_TCAGTCCAGAATTCAG","BC_GTCAAGTCACGACAGA","C5",3
"BC_GTCAAGTTCCTGTACC","BC_GTCAAGTTCCTGTACC","C7",1
"BC_GTCACGGAGCCTAACT","BC_GTCACGGAGCCTAACT","C7",1
"BC_GTCACGGCACCCGTAG","BC_GTCACGGCACCCGTAG","C4",1
"BC_GTCACGGCACTTCCTG","BC_GTCACGGCACTTCCTG","C7",1
"BC_GTCAGCGAGGGACAGG","BC_GTCAGCGAGGGACAGG","C7",4
"BC_GTCAGCGCAGCTTTCC","BC_GTCAGCGCAGCTTTCC","C6",1
"BC_GTCATCCGTACCCGAC","BC_GTCATCCGTACCCGAC","C7",1
"BC_GTCATGAAGACGATAT","BC_GTCATGAAGACGATAT","C7",1
"BC_GTCATGAGTGAACGGT","BC_GTCATGAGTGAACGGT","C7",1
"BC_GTCCACTCACTAGTAC","BC_GTCCACTCACTAGTAC","C7",1
"BC_GTCCACTGTTTGTTGG","BC_GTCCACTGTTTGTTGG","C7",1
"BC_GTCCCATGTGGAGAAA","BC_GTCCCATGTGGAGAAA","C5",1
"BC_GTCCCATTCCTCCACA","BC_GTCCCATTCCTCCACA","C7",1
"BC_GTCCTCACAAGGCCTC","BC_GTCCTCACAAGGCCTC","C7",1
"BC_GTCGCGAGTGAACCGA","BC_GTCGCGAGTGAACCGA","C6",6
"BC_GTCGTTCCATCGTCCT","BC_GTCGTTCCATCGTCCT","C7",1
"BC_GTCTGTCAGGTTGCCC","BC_GTCTGTCAGGTTGCCC","C5",1
"BC_GTCTGTCGTATAGGGC","BC_GTCTGTCGTATAGGGC","C7",1
"BC_GACTCAACAGGACATG","BC_GTCTTTAAGGTATAGT","C6",4
"BC_GTCTTTAAGTCGGCCT","BC_GTCTTTAAGTCGGCCT","C4",1
"BC_GTGACGCCAGCACACC","BC_GTGACGCCAGCACACC","C5",1
"BC_GTGACGCGTACTGAGG","BC_GTGACGCGTACTGAGG","C5",1
"BC_GTGACGCGTGCTCCGA","BC_GTGACGCGTGCTCCGA","C5",1
"BC_GTGAGGACAAGTCCCG","BC_GTGAGGACAAGTCCCG","C4",1
"BC_GTGAGGACAGTTGGTT","BC_GTGAGGACAGTTGGTT","C7",1
"BC_GAGCTGCAGTGCGCTC","BC_GTGATGTGTATGCGTT","C4",2
"BC_GTGGCGTAGGCACTAG","BC_GTGGCGTAGGCACTAG","C0",1
"BC_GTGGGAAGTATCGTAC","BC_GTGGGAAGTATCGTAC","C5",1
"BC_ATCGGCGGTGCCTAAT","BC_GTGGTTATCTCGTGGG","C4",4
"BC_GTGTAACGTATCACGT","BC_GTGTAACGTATCACGT","C5",1
"BC_GTGTAACTCGTGGGAA","BC_GTGTAACTCGTGGGAA","C5",1
"BC_GTGTCCTCAAGCGCAA","BC_GTGTCCTCAAGCGCAA","C7",1
"BC_GTGTGGCGTCGTACAT","BC_GTGTGGCGTCGTACAT","C7",1
"BC_GTTGTAGGTGTCCGGT","BC_GTGTGGCTCTTGGTGA","C6",3
"BC_GTGTTAGCACAAAGTA","BC_GTGTTAGCACAAAGTA","C7",1
"BC_AAAGGATCATTGGCAT","BC_GTGTTCCAGCAAGGAA","C7",2
"BC_GTGTTCCAGTGGTCAG","BC_GTGTTCCAGTGGTCAG","C7",1
"BC_GTGTTCCGTGAGAGGG","BC_GTGTTCCGTGAGAGGG","C7",1
"BC_ATAGGCTTCGTTCCTG","BC_GTGTTCCGTTCCATTT","C7",6
"BC_GTGTTCCTCATGTCAG","BC_GTGTTCCTCATGTCAG","C7",1
"BC_GTTACAGCACTGGAAG","BC_GTTACAGCACTGGAAG","C4",1
"BC_GTTACAGCAGTTACCA","BC_GTTACAGCAGTTACCA","C5",2
"BC_GTTACAGTCCAAAGGG","BC_GTTACAGTCCAAAGGG","C5",1
"BC_GTTACCCCATGGAACG","BC_GTTACCCCATGGAACG","C7",1
"BC_GTTACCCGTCTGATAC","BC_GTTACCCGTCTGATAC","C0",1
"BC_GTTAGACTCTATACGG","BC_GTTAGACTCTATACGG","C7",1
"BC_GTTGTAGGTGTCCGGT","BC_GTTATGGAGGACATCG","C5",3
"BC_GGGTCTGAGCTTTCTT","BC_GTTATGGGTACGAAAT","C7",3
"BC_GTTATGGTCATGAGGG","BC_GTTATGGTCATGAGGG","C0",1
"BC_AGAGCCCGTTGTGCCG","BC_GTTCATTGTCTTTCAT","C4",3
"BC_GTTCGCTCACCAAAGG","BC_GTTCGCTCACCAAAGG","C4",1
"BC_GTTCGCTGTATCATGC","BC_GTTCGCTGTATCATGC","C7",1
"BC_GTTCTATAGATACTGA","BC_GTTCTATAGATACTGA","C4",1
"BC_GTTGAACGTTAAACAG","BC_GTTGAACGTTAAACAG","C7",1
"BC_GTTGTAGCAATAACCC","BC_GTTGTAGCAATAACCC","C7",1
"BC_GTTGTAGGTGTCCGGT","BC_GTTGTAGGTGTCCGGT","C4",3
"BC_GTTGTGATCACGATAC","BC_GTTGTGATCACGATAC","C7",1
"BC_GTTTACTTCCATACAG","BC_GTTTACTTCCATACAG","C7",1
"BC_GTTTGGAAGCGTACAG","BC_GTTTGGAAGCGTACAG","C7",1
"BC_TAACACGAGTAGGTTA","BC_TAACACGAGTAGGTTA","C5",1
"BC_TAACACGGTTCGATTG","BC_TAACACGGTTCGATTG","C7",1
"BC_TAACACGTCTCAATCT","BC_TAACACGTCTCAATCT","C7",1
"BC_TAACCAGCAAGTTGGG","BC_TAACCAGCAAGTTGGG","C7",1
"BC_TAACCAGGTGGCTCTG","BC_TAACCAGGTGGCTCTG","C4",1
"BC_TAACTTCAGTCGAAGC","BC_TAACTTCAGTCGAAGC","C4",1
"BC_TAAGCACAGGTCATTC","BC_TAAGCACAGGTCATTC","C7",1
"BC_TAAGCACAGTGACCTT","BC_TAAGCACAGTGACCTT","C7",3
"BC_TAAGCACAGTTTGGCT","BC_TAAGCACAGTTTGGCT","C7",3
"BC_TAATCTCCATGCCGGT","BC_TAATCTCCATGCCGGT","C7",1
"BC_TAATTCCCACTTACAG","BC_TAATTCCCACTTACAG","C6",2
"BC_GTCGCGAGTGAACCGA","BC_TACAACGCAACGATTC","C5",6
"BC_TACAACGCAATGTGGG","BC_TACAACGCAATGTGGG","C7",1
"BC_TACACCCTCGTGACTA","BC_TACACCCTCGTGACTA","C1",1
"BC_TACAGGTTCCACCCTA","BC_TACAGGTTCCACCCTA","C7",1
"BC_TACAGGTTCGTCTCAC","BC_TACAGGTTCGTCTCAC","C5",1
"BC_TACAGGTTCTAGTGTG","BC_TACAGGTTCTAGTGTG","C5",1
"BC_TACATTCCATGTTCAG","BC_TACATTCCATGTTCAG","C5",1
"BC_TACCCACGTATCCCTC","BC_TACCCACGTATCCCTC","C4",1
"BC_TACCGGGAGAAGAACG","BC_TACCGGGAGAAGAACG","C7",1
"BC_TACCTCGGTCCTGAAT","BC_TACCTCGGTCCTGAAT","C7",1
"BC_TACCTCGTCATGACAC","BC_TACCTCGTCATGACAC","C4",1
"BC_TACCTGCCAGGACTAG","BC_TACCTGCCAGGACTAG","C5",1
"BC_TACCTGCTCAGTCACA","BC_TACCTGCTCAGTCACA","C7",1
"BC_TACCTGCTCGGTCACG","BC_TACCTGCTCGGTCACG","C7",1
"BC_TACGGTACACGGCACT","BC_TACGGTACACGGCACT","C7",1
"BC_TACGTCCGTCTTCGAA","BC_TACGTCCGTCTTCGAA","C7",1
"BC_TACTGCCTCCACTGAA","BC_TACTGCCTCCACTGAA","C7",1
"BC_TACTTACGTCGACTGC","BC_TACTTACGTCGACTGC","C1",1
"BC_TACTTCACATACTGAC","BC_TACTTCACATACTGAC","C1",1
"BC_CCTCCTCCATTGCCTC","BC_TACTTGTGTACGTGTT","C7",2
"BC_TGGGAAGTCTTAGCAG","BC_TAGACCAAGGTCATAA","C7",5
"BC_CTCCAACAGACATCAA","BC_TAGACCACAGATGCGA","C0",4
"BC_TAGACTGAGTCGCCAC","BC_TAGACTGAGTCGCCAC","C7",1
"BC_TAGATCGGTACGACAG","BC_TAGATCGGTACGACAG","C4",9
"BC_GTCGCGAGTGAACCGA","BC_TAGGAGGAGGGCAATC","C7",6
"BC_TAGGAGGCATGTGGCC","BC_TAGGAGGCATGTGGCC","C7",1
"BC_TAGGTTGAGCGTGCTC","BC_TAGGTTGAGCGTGCTC","C7",2
"BC_TAGTGCATCTTAGTTC","BC_TAGTGCATCTTAGTTC","C7",1
"BC_TATACCTGTGGGATTG","BC_TATACCTGTGGGATTG","C4",2
"BC_ATGGGTTTCCGTGTGG","BC_TATCCTACACGCTATA","C7",2
"BC_TATCCTAGTAGGGAGG","BC_TATCCTAGTAGGGAGG","C7",1
"BC_TATCGCCGTATCGTTG","BC_TATCGCCGTATCGTTG","C0",1
"BC_TAGATCGGTACGACAG","BC_TATCGCCTCGGTTCAA","C4",9
"BC_TATGTTCTCTGTAAGC","BC_TATGTTCTCTGTAAGC","C7",1
"BC_TATTGCTGTGCCTAAT","BC_TATTGCTGTGCCTAAT","C4",1
"BC_TGTCAGAAGCGTCGAA","BC_TCAAGACCAATTCGTG","C4",10
"BC_TCAAGTGCAACCGTGC","BC_TCAAGTGCAACCGTGC","C7",1
"BC_TCAAGTGCACTAGGCC","BC_TCAAGTGCACTAGGCC","C7",1
"BC_TCAAGTGGTTCCGCTT","BC_TCAAGTGGTTCCGCTT","C7",1
"BC_TCAATCTGTCAACCAT","BC_TCAATCTGTCAACCAT","C4",2
"BC_TCAATCTTCTTCTCAA","BC_TCAATCTTCTTCTCAA","C4",1
"BC_TCAATTCCAGGCATGA","BC_TCAATTCCAGGCATGA","C7",1
"BC_GGAATCTAGCGGGTTA","BC_TCAATTCTCATCCTGC","C7",2
"BC_TCACAAGCACACAGAG","BC_TCACAAGCACACAGAG","C5",1
"BC_CTGCCTACAACACACT","BC_TCACAAGTCTCATGGA","C7",2
"BC_CAAAGAACACGGGCTT","BC_TCACACCAGACTTCAC","C0",2
"BC_TCACGGGCAAGCACCC","BC_TCACGGGCAAGCACCC","C7",3
"BC_TCACGGGGTCAGACTT","BC_TCACGGGGTCAGACTT","C5",1
"BC_TCAGGTACATGTCTAG","BC_TCAGGTACATGTCTAG","C4",1
"BC_TCAGGTATCCTCTGCA","BC_TCAGGTATCCTCTGCA","C4",1
"BC_TCAGTCCAGAATTCAG","BC_TCAGTCCAGAATTCAG","C5",3
"BC_TCATACTAGTTGTAGA","BC_TCATACTAGTTGTAGA","C4",1
"BC_TCATACTGTGAGAACC","BC_TCATACTGTGAGAACC","C4",1
"BC_TCATATCAGAGGATGA","BC_TCATATCAGAGGATGA","C4",1
"BC_TCATCATGTCTCAGAT","BC_TCATCATGTCTCAGAT","C5",1
"BC_TCATCATTCTCTAGGA","BC_TCATCATTCTCTAGGA","C7",1
"BC_TCGGGCATCATCGGGC","BC_TCATCCGCACCCAATA","C7",2
"BC_TCATCCGCAGAGTAAT","BC_TCATCCGCAGAGTAAT","C5",1
"BC_TCATGAGCAGAGTTCT","BC_TCATGAGCAGAGTTCT","C7",2
"BC_TCATGAGGTACCATAC","BC_TCATGAGGTACCATAC","C7",1
"BC_CTCATCGTCGCAACAT","BC_TCATGCCAGTCCGCGT","C7",2
"BC_TCATGCCCACCTGAAT","BC_TCATGCCCACCTGAAT","C7",1
"BC_TCATTACAGCATCGAG","BC_TCATTACAGCATCGAG","C5",1
"BC_TCATTGTCACCGTGGT","BC_TCATTGTCACCGTGGT","C7",1
"BC_TCATTGTGTGGGCTTC","BC_TCATTGTGTGGGCTTC","C7",1
"BC_TCATTTGAGACCAAGC","BC_TCATTTGAGACCAAGC","C4",1
"BC_TCCACGTCATCGGAGA","BC_TCCACGTCATCGGAGA","C4",1
"BC_TCCACGTTCTCTGCTG","BC_TCCACGTTCTCTGCTG","C7",1
"BC_TCCAGAAAGATCGCTT","BC_TCCAGAAAGATCGCTT","C4",1
"BC_TCCAGAAAGCCACCGT","BC_TCCAGAAAGCCACCGT","C5",1
"BC_TCCCAGTTCCTGTAAG","BC_TCCCAGTTCCTGTAAG","C4",1
"BC_TCCCAGTTCGGTTAGT","BC_TCCCAGTTCGGTTAGT","C7",1
"BC_TCCCATGCACGTAGTT","BC_TCCCATGCACGTAGTT","C5",1
"BC_TCCGGGAAGCGAGTCA","BC_TCCGGGAAGCGAGTCA","C5",1
"BC_GTCGCGAGTGAACCGA","BC_TCCGGGAGTATCGGTT","C7",6
"BC_TCCTCCCCAATTGCAC","BC_TCCTCCCCAATTGCAC","C7",1
"BC_TCCTCCCTCCACGTCT","BC_TCCTCCCTCCACGTCT","C0",1
"BC_TCCTCGAAGGTGTGAC","BC_TCCTCGAAGGTGTGAC","C7",1
"BC_TCCTCTTAGATCACTC","BC_TCCTCTTAGATCACTC","C4",1
"BC_TCCTCTTCACTGAGTT","BC_TCCTCTTCACTGAGTT","C1",1
"BC_TCCTCTTTCGTCTCAC","BC_TCCTCTTTCGTCTCAC","C0",1
"BC_TCCTGCAAGCGCTTCG","BC_TCCTGCAAGCGCTTCG","C4",1
"BC_TCCTGCATCTTCGCTG","BC_TCCTGCATCTTCGCTG","C7",1
"BC_TCGAACACACGCGCTA","BC_TCGAACACACGCGCTA","C5",1
"BC_TCGAAGTAGCGCCCAT","BC_TCGAAGTAGCGCCCAT","C7",1
"BC_TCGACCTCAGCTGAAG","BC_TCGACCTCAGCTGAAG","C7",1
"BC_TCGACCTTCTCGCTTG","BC_TCGACCTTCTCGCTTG","C7",1
"BC_TCGACGGGTCTCACAA","BC_TCGACGGGTCTCACAA","C0",1
"BC_TCGCAGGAGTCCGCGT","BC_TCGCAGGAGTCCGCGT","C5",1
"BC_CGCAGGTTCCCTTCCC","BC_TCGGGACCAAATCGGG","C4",6
"BC_TCGGGACGTCATGCAT","BC_TCGGGACGTCATGCAT","C4",1
"BC_TCGGGCACAGATCCAT","BC_TCGGGCACAGATCCAT","C0",1
"BC_TCGGGCATCATCGGGC","BC_TCGGGCATCATCGGGC","C7",2
"BC_TCGGTCTAGCGGACAT","BC_TCGGTCTAGCGGACAT","C5",1
"BC_TCGTAGACACCAGTAT","BC_TCGTAGACACCAGTAT","C7",2
"BC_TCTACCGAGGGATCAC","BC_TCTACCGAGGGATCAC","C7",1
"BC_TAGATCGGTACGACAG","BC_TCTATACCAGCGTTTA","C4",9
"BC_TCTATACTCTAACGCA","BC_TCTATACTCTAACGCA","C0",1
"BC_TCTATCACATCAGCGC","BC_TCTATCACATCAGCGC","C7",1
"BC_TCTCACGCACAAATAG","BC_TCTCACGCACAAATAG","C0",1
"BC_TCTCACGTCACAGTGT","BC_TCTCACGTCACAGTGT","C4",1
"BC_TCTCAGCAGCTAATCC","BC_TCTCAGCAGCTAATCC","C4",1
"BC_TCTCCGAAGTAAGCAT","BC_TCTCCGAAGTAAGCAT","C4",1
"BC_TCTCCGAGTCTTGAAC","BC_TCTCCGAGTCTTGAAC","C4",1
"BC_TCTCTGGGTACTCGCG","BC_TCTCTGGGTACTCGCG","C5",1
"BC_TCTGGCTGTCCATCTC","BC_TCTGGCTGTCCATCTC","C6",1
"BC_TCTTAGTCAGGCTCTG","BC_TCTTAGTCAGGCTCTG","C7",2
"BC_TCTTGCGTCTAGTCAG","BC_TCTTGCGTCTAGTCAG","C7",1
"BC_TCTTTGAAGACATATG","BC_TCTTTGAAGACATATG","C7",1
"BC_TCTTTGATCCATGCAA","BC_TCTTTGATCCATGCAA","C7",1
"BC_TGAATGCCACAATCTG","BC_TGAATGCCACAATCTG","C0",1
"BC_TGACAGTAGATGGGCT","BC_TGACAGTAGATGGGCT","C4",1
"BC_TGACAGTGTACAAGCG","BC_TGACAGTGTACAAGCG","C7",1
"BC_TCACGGGCAAGCACCC","BC_TGACCCTGTATCGAAA","C7",3
"BC_AAATGGAGTGAGGATC","BC_TGACGCGAGAAGATCT","C5",2
"BC_TGACGCGAGTCGAAAT","BC_TGACGCGAGTCGAAAT","C7",1
"BC_TGACTCCAGCGACATG","BC_TGACTCCAGCGACATG","C7",3
"BC_TGACTCCTCCCGGTAG","BC_TGACTCCTCCCGGTAG","C7",2
"BC_AGAGCCCGTTGTGCCG","BC_TGAGACTCACTGAGGA","C4",3
"BC_TGAGGAGGTATCAGGG","BC_TGAGGAGGTATCAGGG","C5",1
"BC_TGAGGTTCACTACTTT","BC_TGAGGTTCACTACTTT","C5",1
"BC_TGAGTCATCGCAGTTA","BC_TGAGTCATCGCAGTTA","C7",1
"BC_TGATCAGTCCCGAGTG","BC_TGATCAGTCCCGAGTG","C4",1
"BC_TGATCTTGTAGAGATT","BC_TGATCTTGTAGAGATT","C4",1
"BC_TGTCAGAAGCGTCGAA","BC_TGATGGTAGTTGGGAC","C5",10
"BC_TGATGGTGTCAGTTTG","BC_TGATGGTGTCAGTTTG","C0",2
"BC_TGATGGTTCGGTGCAC","BC_TGATGGTTCGGTGCAC","C7",1
"BC_ACGGTTATCTCTCGAC","BC_TGATTCTGTCCATCTC","C6",3
"BC_TGATTTCGTCGGATTT","BC_TGATTTCGTCGGATTT","C5",1
"BC_TTGGATGAGCCAAGGT","BC_TGATTTCGTTCTCCTG","C3",2
"BC_TGCACGGTCGTGTCAA","BC_TGCACGGTCGTGTCAA","C7",1
"BC_TGCAGATAGGTCACCC","BC_TGCAGATAGGTCACCC","C7",1
"BC_TGCAGATGTCGCACAC","BC_TGCAGATGTCGCACAC","C7",1
"BC_TGCAGATGTTTAAGGA","BC_TGCAGATGTTTAAGGA","C5",1
"BC_TGCAGATGTTTGTTCT","BC_TGCAGATGTTTGTTCT","C4",1
"BC_TTGCCTGGTGACTCGC","BC_TGCATGAAGCCACTCG","C7",4
"BC_TGCCGAGGTGTTCAGT","BC_TGCCGAGGTGTTCAGT","C4",1
"BC_TGCGGCATCTGTGCTC","BC_TGCGGCATCTGTGCTC","C7",1
"BC_GCAGCTGAGTGCGACA","BC_TGCGGGTCAGATCATC","C4",2
"BC_ATGCCTCTCCTACAAG","BC_TGCTCCATCAATCGGT","C0",4
"BC_TGCTCCATCCAATCTT","BC_TGCTCCATCCAATCTT","C7",1
"BC_TGCTCCATCGACGATT","BC_TGCTCCATCGACGATT","C5",1
"BC_TGCTCGTGTCTTCTAT","BC_TGCTCGTGTCTTCTAT","C7",1
"BC_TGCTCGTGTTACCCAA","BC_TGCTCGTGTTACCCAA","C7",1
"BC_TGCTTGCTCGACATAC","BC_TGCTTGCTCGACATAC","C0",1
"BC_GAAGGGTGTGTGTGTT","BC_TGGAGAGGTGTGAATA","C7",2
"BC_TGGCGTGCAACAGTGG","BC_TGGCGTGCAACAGTGG","C5",1
"BC_TGGCGTGTCACCCTCA","BC_TGGCGTGTCACCCTCA","C4",1
"BC_TGGGAAGGTCAGTCGC","BC_TGGGAAGGTCAGTCGC","C0",1
"BC_TGGGAAGTCTTAGCAG","BC_TGGGAAGTCTTAGCAG","C0",5
"BC_TGGGAGACAATACGAA","BC_TGGGAGACAATACGAA","C5",1
"BC_TGGGAGAGTGAATTGA","BC_TGGGAGAGTGAATTGA","C7",1
"BC_TGGGCGTTCTGCTGAA","BC_TGGGCGTTCTGCTGAA","C7",1
"BC_TGGTACAGTAGTCCTA","BC_TGGTACAGTAGTCCTA","C5",1
"BC_ATCCACCGTCAAGTTC","BC_TGGTAGTCAGTGAGCA","C0",2
"BC_TGGTAGTCATTAGGAA","BC_TGGTAGTCATTAGGAA","C7",1
"BC_TGGTTAGGTGGCTCTG","BC_TGGTTAGGTGGCTCTG","C5",1
"BC_TGTAACGAGGTAGTCG","BC_TGTAACGAGGTAGTCG","C7",1
"BC_TGTAACGAGTCCCAAT","BC_TGTAACGAGTCCCAAT","C7",1
"BC_GTATTTCGTGGTTTGT","BC_TGTAACGGTACGATCT","C4",2
"BC_TGTAACGTCGAAGGAC","BC_TGTAACGTCGAAGGAC","C4",1
"BC_ATGCCTCTCCTACAAG","BC_TGTAAGCCAGACCTGC","C4",4
"BC_TGTACAGAGTTCATGC","BC_TGTACAGAGTTCATGC","C4",1
"BC_TGTCAGAAGCGTCGAA","BC_TGTCAGAAGCGTCGAA","C7",10
"BC_TGTCCACTCGTTCCTG","BC_TGTCCACTCGTTCCTG","C7",1
"BC_TCGTAGACACCAGTAT","BC_TGTCCCATCACTTTGT","C7",2
"BC_TGTCCTGTCAACTACG","BC_TGTCCTGTCAACTACG","C0",1
"BC_TGTGAGTTCTACTGCC","BC_TGTGAGTTCTACTGCC","C7",1
"BC_TGTGATGCAGCCGTTG","BC_TGTGATGCAGCCGTTG","C4",1
"BC_TGTGGCGAGCTCGTGC","BC_TGTGGCGAGCTCGTGC","C4",1
"BC_GGGTCTGAGCTTTCTT","BC_TGTGGCGGTCCCTCAT","C7",3
"BC_TGTGGCGTCATTGTTC","BC_TGTGGCGTCATTGTTC","C5",1
"BC_ATAGGCTTCGTTCCTG","BC_TGTTCATGTGAGAGGG","C0",6
"BC_TGTTCCGCAAATAAGC","BC_TGTTCCGCAAATAAGC","C0",1
"BC_TGTTGGACAGCTCATA","BC_TGTTGGACAGCTCATA","C8",1
"BC_TGTTGGATCAGCTGTA","BC_TGTTGGATCAGCTGTA","C7",1
"BC_TTAATCCGTATCGCGC","BC_TTAATCCGTATCGCGC","C5",1
"BC_TTACGCCAGTTCCGGC","BC_TTACGCCAGTTCCGGC","C7",1
"BC_TTACGTTGTTCTCCCA","BC_TTACGTTGTTCTCCCA","C4",1
"BC_TTAGTCTTCATGACAC","BC_TTAGTCTTCATGACAC","C7",2
"BC_TTCAATCTCTGAATCG","BC_TTCAATCTCTGAATCG","C7",1
"BC_TTCACCGCATTGACTG","BC_TTCACCGCATTGACTG","C7",1
"BC_ATCGGCGAGCATACTC","BC_TTCATTGCACGGTCTG","C4",3
"BC_TTCCAATCAAAGTGTA","BC_TTCCAATCAAAGTGTA","C7",1
"BC_TTCCAATGTTAAACCC","BC_TTCCAATGTTAAACCC","C7",1
"BC_TTCCACGGTCGCACGT","BC_TTCCACGGTCGCACGT","C7",1
"BC_TTCCACGTCGCTACGG","BC_TTCCACGTCGCTACGG","C8",1
"BC_TTCCGTGAGGCCCGTT","BC_TTCCGTGAGGCCCGTT","C5",1
"BC_TGTCAGAAGCGTCGAA","BC_TTCCGTGGTCGTATGT","C7",10
"BC_TTCCTTCCATACACCA","BC_TTCCTTCCATACACCA","C5",1
"BC_TTCCTTCGTAGTGGCA","BC_TTCCTTCGTAGTGGCA","C7",1
"BC_TGGGAAGTCTTAGCAG","BC_TTCCTTCTCCGCACTT","C7",5
"BC_TTCGCTGGTCAGGAGT","BC_TTCGCTGGTCAGGAGT","C6",1
"BC_TTCGGTCTCCATCTCG","BC_TTCGGTCTCCATCTCG","C4",1
"BC_CGAGAAGAGATAGCTA","BC_TTCTAACCAGGTGACA","C1",2
"BC_TTCTAACGTCGAAGCA","BC_TTCTAACGTCGAAGCA","C4",1
"BC_TTCTAACGTCGTATTG","BC_TTCTAACGTCGTATTG","C4",1
"BC_TTCTAACTCGAGTCCG","BC_TTCTAACTCGAGTCCG","C0",1
"BC_GATCAGTCATCCGATA","BC_TTCTAGTGTAGCACAG","C4",2
"BC_TTCTCTCAGAATTGTG","BC_TTCTCTCAGAATTGTG","C7",1
"BC_ATAGGCTTCGTTCCTG","BC_TTCTGTATCTACTCAT","C5",6
"BC_TTGAACGAGCCTTTGA","BC_TTGAACGAGCCTTTGA","C7",1
"BC_TTGAACGAGTGGTGGT","BC_TTGAACGAGTGGTGGT","C7",1
"BC_AGACCCGAGATCCCGC","BC_TTGAACGTCGTTACCC","C7",7
"BC_TTGAGTGCAGAAATCA","BC_TTGAGTGCAGAAATCA","C4",1
"BC_TTGAGTGGTTGGCCTG","BC_TTGAGTGGTTGGCCTG","C4",1
"BC_TTGCATTTCGCCCAGA","BC_TTGCATTTCGCCCAGA","C7",1
"BC_TTGCCTGCAGATGCGA","BC_TTGCCTGCAGATGCGA","C5",1
"BC_TTGCCTGGTGACTCGC","BC_TTGCCTGGTGACTCGC","C7",4
"BC_TTGCGTCTCGGCTTGG","BC_TTGCGTCTCGGCTTGG","C4",1
"BC_TTGCGTCTCTCTAAGG","BC_TTGCGTCTCTCTAAGG","C5",1
"BC_TTGGATGAGCCAAGGT","BC_TTGGATGAGCCAAGGT","C0",2
"BC_TTGGATGCAGTATGAA","BC_TTGGATGCAGTATGAA","C4",1
"BC_AAGGAATAGCTGCCAC","BC_TTGGGATAGCGGTATG","C7",2
"BC_TTGGGCGCAGTCCCGA","BC_TTGGGCGCAGTCCCGA","C4",1
"BC_TTGGGTACACCTCTGT","BC_TTGGGTACACCTCTGT","C6",1
"BC_TTGTGGATCCTACGAA","BC_TTGTGGATCCTACGAA","C7",1
"BC_TTGTGTTCACATTACG","BC_TTGTGTTCACATTACG","C7",1
"BC_TTGTTGTGTTGCAAGG","BC_TTGTTGTGTTGCAAGG","C7",1
"BC_TTGTTGTTCAGAACCT","BC_TTGTTGTTCAGAACCT","C7",1
"BC_TTGTTTGGTGAGGATC","BC_TTGTTTGGTGAGGATC","C7",1
"BC_TTGTTTGTCCCTCTAG","BC_TTGTTTGTCCCTCTAG","C4",1
"BC_TTTACCAGTCTACGAT","BC_TTTACCAGTCTACGAT","C4",1
"BC_TAGATCGGTACGACAG","BC_TTTACTGCACCATAAC","C1",9
"BC_TTTATGCAGGTTGTTC","BC_TTTATGCAGGTTGTTC","C5",1
"BC_TTTCAGTGTTGAGAGC","BC_TTTCAGTGTTGAGAGC","C0",1
"BC_TTTCATGAGTTCATGC","BC_TTTCATGAGTTCATGC","C7",1
"BC_TTTCATGGTATCTTCT","BC_TTTCATGGTATCTTCT","C7",5
"BC_TTTCCTCAGTCGGCCT","BC_TTTCCTCAGTCGGCCT","C7",1
"BC_TTTGGAGGTTAGGGAC","BC_TTTGGAGGTTAGGGAC","C7",1
"BC_TTTGGTTAGCCTAGGA","BC_TTTGGTTAGCCTAGGA","C5",1
"BC_TTTGGTTCAGCAGTAG","BC_TTTGGTTCAGCAGTAG","C5",1
"BC_TTTGTTGCAACTGCTA","BC_TTTGTTGCAACTGCTA","C7",1
